# Ball603 Redirects

# ===== TEAM PAGES =====
# Direct URLs: ball603.com/exeter -> /team/exeter.html

/alvirne              /team/alvirne.html  200
/bedford              /team/bedford.html  200
/belmont              /team/belmont.html  200
/berlin               /team/berlin.html  200
/bishopbrady          /team/bishopbrady.html  200
/bishopguertin        /team/bishopguertin.html  200
/bow                  /team/bow.html  200
/campbell             /team/campbell.html  200
/canaan               /team/canaan.html  200
/centralwest          /team/centralwest.html  200
/coebrown             /team/coebrown.html  200
/colebrook            /team/colebrook.html  200
/conant               /team/conant.html  200
/concord              /team/concord.html  200
/concordchristian     /team/concordchristian.html  200
/conval               /team/conval.html  200
/derryfield           /team/derryfield.html  200
/dover                /team/dover.html  200
/epping               /team/epping.html  200
/exeter               /team/exeter.html  200
/fallmountain         /team/fallmountain.html  200
/farmington           /team/farmington.html  200
/franklin             /team/franklin.html  200
/gilford              /team/gilford.html  200
/goffstown            /team/goffstown.html  200
/gorham               /team/gorham.html  200
/groveton             /team/groveton.html  200
/hanover              /team/hanover.html  200
/hillsborodeering     /team/hillsborodeering.html  200
/hinsdale             /team/hinsdale.html  200
/hollisbrookline      /team/hollisbrookline.html  200
/holyfamily           /team/holyfamily.html  200
/hopkinton            /team/hopkinton.html  200
/interlakes           /team/interlakes.html  200
/johnstark            /team/johnstark.html  200
/kearsarge            /team/kearsarge.html  200
/keene                /team/keene.html  200
/kennett              /team/kennett.html  200
/kingswood            /team/kingswood.html  200
/laconia              /team/laconia.html  200
/lebanon              /team/lebanon.html  200
/linwood              /team/linwood.html  200
/lisbon               /team/lisbon.html  200
/littleton            /team/littleton.html  200
/londonderry          /team/londonderry.html  200
/manchestercentral    /team/manchestercentral.html  200
/manchestermemorial   /team/manchestermemorial.html  200
/manchesterwest       /team/manchesterwest.html  200
/mascenic             /team/mascenic.html  200
/mascoma              /team/mascoma.html  200
/merrimack            /team/merrimack.html  200
/merrimackvalley      /team/merrimackvalley.html  200
/milford              /team/milford.html  200
/monadnock            /team/monadnock.html  200
/moultonborough       /team/moultonborough.html  200
/mountroyal           /team/mountroyal.html  200
/nashuanorth          /team/nashuanorth.html  200
/nashuasouth          /team/nashuasouth.html  200
/newfound             /team/newfound.html  200
/newmarket            /team/newmarket.html  200
/newport              /team/newport.html  200
/nute                 /team/nute.html  200
/oysterriver          /team/oysterriver.html  200
/pelham               /team/pelham.html  200
/pembroke             /team/pembroke.html  200
/pinkerton            /team/pinkerton.html  200
/pittsburg            /team/pittsburg.html  200
/pittsburgcanaan      /team/pittsburgcanaan.html  200
/plymouth             /team/plymouth.html  200
/portsmouth           /team/portsmouth.html  200
/portsmouthchristian  /team/portsmouthchristian.html  200
/profile              /team/profile.html  200
/prospectmountain     /team/prospectmountain.html  200
/raymond              /team/raymond.html  200
/salem                /team/salem.html  200
/sanborn              /team/sanborn.html  200
/somersworth          /team/somersworth.html  200
/souhegan             /team/souhegan.html  200
/spaulding            /team/spaulding.html  200
/stevens              /team/stevens.html  200
/stthomasaquinas      /team/stthomasaquinas.html  200
/sunapee              /team/sunapee.html  200
/timberlane           /team/timberlane.html  200
/trinity              /team/trinity.html  200
/whitemountains       /team/whitemountains.html  200
/wiltonlyndeborough   /team/wiltonlyndeborough.html  200
/windham              /team/windham.html  200
/winnacunnet          /team/winnacunnet.html  200
/winnisquam           /team/winnisquam.html  200
/woodsville           /team/woodsville.html  200

# Also support /team/slug format
/team/:slug           /team/:slug.html  200

# ===== OTHER PAGES =====

# Article pages - route all /articles/* to article.html
/articles/*  /article.html  200

# Schedule - clean URL
/schedule    /schedule.html  200

# Standings - clean URL  
/standings   /standings.html  200

# Galleries - clean URL
/galleries   /galleries.html  200

# Division pages (future)
/boys/*      /division.html  200
/girls/*     /division.html  200
/college/*   /division.html  200

# My Teams (future)
/my-teams    /my-teams.html  200
